run_id,prompt_id,model,prompt,answer,latency_ms,tokens,estimated_cost,critic_score,critic_rationale,timestamp
run_20250629_163208_c923968a,1,claude,Explain a go-to-market strategy for an AI SaaS tool.,"I'll break down a comprehensive go-to-market strategy for an AI SaaS tool across key components:

1. Target Market Segmentation
- Primary: Mid-sized businesses (100-1000 employees)
- Secondary: Small businesses and startups
- Focus on industries: Technology, Marketing, Finance, Healthcare
- Decision makers: CTOs, Digital Transformation leads, Department Heads

2. Value Proposition
- Clear problem-solution fit (e.g., ""Automate 80% of routine tasks"")
- Quantifiable benefits (time saved, cost reduction, efficiency gains)
- Competitive differentiation (unique AI capabilities, integration features)
- ROI demonstration

3. Pricing Strategy
- Tiered pricing model:
  * Starter (limited features, single user)
  * Professional (full features, team access)
  * Enterprise (custom solutions, dedicated support)
- Free trial period (14-30 days)
- Annual discount options

4. Distribution Channels
Primary:
- Direct sales through website
- Inside sales team
- Channel partners/resellers
Secondary:
- Cloud marketplaces (AWS, Azure)
- Integration partnerships

5. Marketing Strategy
Digital:
- Content marketing (blogs, whitepapers, case studies)
- SEO optimization
- Paid search and social media advertising
- Email marketing campaigns
Direct:
- Industry conferences
- Webinars and virtual events
- Direct mail campaigns

6. Sales Strategy
- Inbound lead qualification
- Sales development team
- Account-based marketing for enterprise
- Self-service for smaller clients
- Product demos and POCs

7. Customer Success
- Onboarding program
- Training resources
- Regular check-ins
- Customer feedback loops
- Support channels (chat, email, phone)

8. Growth Tactics
- Referral program
- Integration marketplace
- Partner ecosystem
- International expansion
- New feature development

9. KPIs and Metrics
- Customer Acquisition Cost (CAC)
- Lifetime Value (LTV)
- Monthly Recurring Revenue (MRR)
- Churn rate
- Net Promoter Score (NPS)

10. Launch Plan
Phase 1: Soft Launch
- Beta testing
- Initial customer feedback
- System optimization

Phase 2: Full Launch
- PR campaign
- Partner announcements
- Marketing campaign activation

Phase 3: Scale
- Market expansion
- Feature enhancement
- Team growth

11. Risk Management
- Data security measures
- Compliance requirements
- Backup systems
- Crisis communication plan

12. Timeline
Month 1-3:
- Market testing
- Initial customer acquisition
- Platform stability

Month 4-6:
- Scale marketing efforts
- Expand sales team
- Enhance features

Month 7-12:
- Market expansion
- Partner program launch
- Advanced feature rollout

Implementation Tips:
1. Start with a focused niche
2. Gather early customer feedback
3. Iterate quickly based on market response
4. Build strong customer relationships
5. Monitor competitors
6. Maintain flexibility in strategy

Success Factors:
1. Clear product-market fit
2. Strong value proposition
3. Efficient customer acquisition
4. Excellent customer support
5. Continuous innovation
6. Data-driven decision making

This strategy should be:
- Flexible to market changes
- Scalable for growth
- Measurable for optimization
- Customer-centric
- Competition-aware
- Resource-efficient

Regular review and adjustment of this strategy is crucial for long-term success.",14931.550025939941,854,0.01221,,,2025-06-29 14:32:23
run_20250629_163208_c923968a,2,mistral,What are the key metrics to track for a B2B SaaS product launch?,"Launching a B2B SaaS product requires a strategic approach and careful monitoring of key metrics to ensure success. Here are some comprehensive, actionable insights and key metrics to track:

### 1. **Customer Acquisition Cost (CAC)**
   - **Definition**: The total cost of sales and marketing efforts divided by the number of customers acquired.
   - **Actionable Insight**: Optimize marketing and sales strategies to reduce CAC. Focus on high-ROI channels and improve conversion rates.

### 2. **Lifetime Value (LTV)**
   - **Definition**: The total revenue a business can reasonably expect from a single customer account throughout the business relationship.
   - **Actionable Insight**: Increase LTV by improving customer retention, upselling, and cross-selling opportunities.

### 3. **LTV/CAC Ratio**
   - **Definition**: The ratio of LTV to CAC.
   - **Actionable Insight**: Aim for a ratio of at least 3:1. A higher ratio indicates better long-term profitability.

### 4. **Monthly Recurring Revenue (MRR)**
   - **Definition**: The predictable revenue that a company can expect to receive every month.
   - **Actionable Insight**: Track MRR growth rate to understand the health of your revenue stream. Focus on increasing MRR through new customer acquisition and expansion revenue.

### 5. **Churn Rate**
   - **Definition**: The percentage of customers who stop using your product within a given time frame.
   - **Actionable Insight**: Reduce churn by improving customer satisfaction, providing excellent support, and addressing customer feedback.

### 6. **Customer Lifetime (CLT)**
   - **Definition**: The average length of time a customer continues to pay for your service.
   - **Actionable Insight**: Extend CLT by focusing on customer success and continuous value delivery.

### 7. **Conversion Rates**
   - **Definition**: The percentage of visitors or leads that convert into paying customers.
   - **Actionable Insight**: Optimize your sales funnel to improve conversion rates at each stage, from lead generation to closing deals.

### 8. **Product Adoption Rate**
   - **Definition**: The percentage of users who actively use the product features.
   - **Actionable Insight**: Increase adoption by providing onboarding support, tutorials, and ensuring the product meets customer needs.

### 9. **Net Promoter Score (NPS)**
   - **Definition**: A metric that measures customer satisfaction and loyalty.
   - **Actionable Insight**: Use NPS to identify areas for improvement and turn detractors into promoters.

### 10. **Time to Value (TTV)**
   - **Definition**: The time it takes for a new customer to realize the value of your product.
   - **Actionable Insight**: Reduce TTV by simplifying onboarding processes and ensuring quick wins for new users.

### 11. **Feature Usage**
   - **Definition**: The frequency and extent to which specific features of your product are used.
   - **Actionable Insight**: Analyze feature usage to understand what resonates with users and what needs improvement.

### 12. **Support Ticket Volume**
   - **Definition**: The number of support tickets or customer service requests.
   - **Actionable Insight**: Monitor support ticket volume to identify common issues and improve product documentation and support processes.

### 13. **Customer Satisfaction (CSAT)**
   - **Definition**: A measure of how satisfied customers are with your product or service.
   - **Actionable Insight**: Regularly survey customers to gather CSAT data and use it to drive improvements.

### 14. **Revenue Growth Rate**
   - **Definition**: The rate at which your revenue is growing over time.
   - **Actionable Insight**: Track revenue growth rate to ensure sustainable growth and identify areas for improvement.

### 15. **Average Revenue Per Account (ARPA)**
   - **Definition**: The average revenue generated per customer account.
   - **Actionable Insight**: Increase ARPA by focusing on upselling and cross-selling opportunities.

### Implementation Steps:
1. **Set Up Analytics**: Use tools like Google Analytics, Mixpanel, or Amplitude to track user behavior and key metrics.
2. **Establish Baselines**: Collect initial data to establish baselines for each metric.
3. **Regular Monitoring**: Set up regular reporting (weekly, monthly) to monitor progress.
4. **Continuous Improvement**: Use the insights gained to iterate and improve your product and marketing strategies.

By tracking these key metrics, you can make data-driven decisions to optimize your B2B SaaS product launch and ensure long-term success.",22299.322843551636,1142,0.006656,,,2025-06-29 14:32:46
run_20250629_163208_c923968a,3,mistral,How do you price a new software product in a competitive market?,"Pricing a new software product in a competitive market involves a strategic approach that considers multiple factors. Here's a comprehensive, actionable guide to help you determine the optimal pricing strategy:

### 1. **Understand Your Market and Competitors**
   - **Market Research:** Conduct thorough market research to understand customer needs, preferences, and pain points. Identify your target audience and their willingness to pay.
   - **Competitive Analysis:** Analyze your competitors' pricing strategies, feature sets, and market positioning. Identify gaps and opportunities where your product can differentiate itself.

### 2. **Determine Your Value Proposition**
   - **Unique Selling Points (USPs):** Identify what makes your software unique. This could be superior features, better user experience, faster performance, or exceptional customer support.
   - **Customer Value:** Quantify the value your software brings to customers. This could be in terms of time saved, increased productivity, cost savings, or revenue generation.

### 3. **Cost-Based Pricing**
   - **Calculate Costs:** Determine the total cost of developing, marketing, and supporting your software. This includes development costs, marketing expenses, overheads, and ongoing support.
   - **Markup:** Add a reasonable profit margin to your costs to ensure sustainability and growth.

### 4. **Value-Based Pricing**
   - **Customer Perception:** Understand how customers perceive the value of your software. Conduct surveys, interviews, or focus groups to gather insights.
   - **Pricing Tiers:** Create different pricing tiers based on features and usage levels. This allows you to capture a broader market segment and maximize revenue.

### 5. **Competitive Pricing**
   - **Benchmarking:** Compare your pricing with competitors offering similar solutions. Ensure your pricing is competitive but also reflects the unique value your software provides.
   - **Positioning:** Decide whether you want to position your software as a premium offering, a budget-friendly option, or somewhere in between.

### 6. **Psychological Pricing**
   - **Anchoring:** Use pricing anchors to influence customer perception. For example, offering a high-priced premium plan can make mid-tier plans seem more attractive.
   - **Charm Pricing:** Use pricing strategies like ending prices with .99 or .95 to make them seem more appealing.

### 7. **Freemium Model**
   - **Free Tier:** Offer a free version of your software with limited features to attract users and build a user base.
   - **Premium Features:** Provide additional features and benefits in paid tiers to encourage upgrades.

### 8. **Subscription-Based Pricing**
   - **Recurring Revenue:** Offer subscription plans with monthly or annual billing to ensure a steady revenue stream.
   - **Flexibility:** Provide options for users to upgrade, downgrade, or cancel their subscriptions easily.

### 9. **Dynamic Pricing**
   - **Adaptability:** Adjust pricing based on market conditions, customer demand, and competitive dynamics.
   - **Promotions:** Use limited-time offers, discounts, and bundles to attract new customers and retain existing ones.

### 10. **Test and Iterate**
   - **A/B Testing:** Conduct A/B tests to compare different pricing strategies and see which one performs better.
   - **Feedback Loop:** Continuously gather customer feedback and adjust your pricing strategy accordingly.

### 11. **Communicate Value**
   - **Messaging:** Clearly communicate the value of your software through marketing materials, website content, and sales presentations.
   - **Transparency:** Be transparent about what customers get for their money. Highlight key features, benefits, and support options.

### 12. **Monitor and Adjust**
   - **KPIs:** Track key performance indicators (KPIs) such as customer acquisition cost (CAC), lifetime value (LTV), churn rate, and conversion rates.
   - **Flexibility:** Be prepared to adjust your pricing strategy based on market feedback, competitive moves, and internal performance metrics.

By following these steps, you can develop a well-rounded pricing strategy that balances competitiveness, customer value, and profitability.",10770.879030227661,1024,0.005968,,,2025-06-29 14:32:56
